--
-- PostgreSQL database dump
--

-- Dumped from database version 17.0 (Debian 17.0-1.pgdg120+1)
-- Dumped by pg_dump version 17.0 (Debian 17.0-1.pgdg120+1)

SET statement_timeout = 0;
SET lock_timeout = 0;
SET idle_in_transaction_session_timeout = 0;
SET transaction_timeout = 0;
SET client_encoding = 'UTF8';
SET standard_conforming_strings = on;
SELECT pg_catalog.set_config('search_path', '', false);
SET check_function_bodies = false;
SET xmloption = content;
SET client_min_messages = warning;
SET row_security = off;

SET default_tablespace = '';

SET default_table_access_method = heap;

--
-- Name: Clients; Type: TABLE; Schema: public; Owner: alss
--

CREATE TABLE public."Clients" (
    "Id" integer NOT NULL,
    "Name" text,
    "Email" text,
    "PhoneNumber" text,
    "Address" text,
    "City" text,
    "Country" text,
    "UserId" integer DEFAULT 0 NOT NULL
);


ALTER TABLE public."Clients" OWNER TO alss;

--
-- Name: Clients_Id_seq; Type: SEQUENCE; Schema: public; Owner: alss
--

ALTER TABLE public."Clients" ALTER COLUMN "Id" ADD GENERATED BY DEFAULT AS IDENTITY (
    SEQUENCE NAME public."Clients_Id_seq"
    START WITH 1
    INCREMENT BY 1
    NO MINVALUE
    NO MAXVALUE
    CACHE 1
);


--
-- Name: InvoiceItems; Type: TABLE; Schema: public; Owner: alss
--

CREATE TABLE public."InvoiceItems" (
    "Id" integer NOT NULL,
    "InvoiceId" integer NOT NULL,
    "Service" text,
    "Description" text,
    "Quantity" integer NOT NULL,
    "Unit" numeric NOT NULL,
    "TaxRate" numeric NOT NULL
);


ALTER TABLE public."InvoiceItems" OWNER TO alss;

--
-- Name: InvoiceItems_Id_seq; Type: SEQUENCE; Schema: public; Owner: alss
--

ALTER TABLE public."InvoiceItems" ALTER COLUMN "Id" ADD GENERATED BY DEFAULT AS IDENTITY (
    SEQUENCE NAME public."InvoiceItems_Id_seq"
    START WITH 1
    INCREMENT BY 1
    NO MINVALUE
    NO MAXVALUE
    CACHE 1
);


--
-- Name: Invoices; Type: TABLE; Schema: public; Owner: alss
--

CREATE TABLE public."Invoices" (
    "Id" integer NOT NULL,
    "ClientId" integer,
    "InvoiceDate" timestamp with time zone NOT NULL,
    "DueDate" timestamp with time zone NOT NULL,
    "TotalAmount" numeric NOT NULL,
    "TaxAmount" numeric NOT NULL,
    "SubTotal" numeric NOT NULL,
    "IsPaid" boolean NOT NULL,
    "ReferenceNumber" text,
    "Penalty" numeric NOT NULL,
    "IBAN" text,
    "RecipientName" text,
    "UserId" integer DEFAULT 0 NOT NULL
);


ALTER TABLE public."Invoices" OWNER TO alss;

--
-- Name: Invoices_Id_seq; Type: SEQUENCE; Schema: public; Owner: alss
--

ALTER TABLE public."Invoices" ALTER COLUMN "Id" ADD GENERATED BY DEFAULT AS IDENTITY (
    SEQUENCE NAME public."Invoices_Id_seq"
    START WITH 1
    INCREMENT BY 1
    NO MINVALUE
    NO MAXVALUE
    CACHE 1
);


--
-- Name: Taxes; Type: TABLE; Schema: public; Owner: alss
--

CREATE TABLE public."Taxes" (
    "Id" integer NOT NULL,
    "TaxRate" numeric NOT NULL
);


ALTER TABLE public."Taxes" OWNER TO alss;

--
-- Name: Taxes_Id_seq; Type: SEQUENCE; Schema: public; Owner: alss
--

ALTER TABLE public."Taxes" ALTER COLUMN "Id" ADD GENERATED BY DEFAULT AS IDENTITY (
    SEQUENCE NAME public."Taxes_Id_seq"
    START WITH 1
    INCREMENT BY 1
    NO MINVALUE
    NO MAXVALUE
    CACHE 1
);


--
-- Name: Users; Type: TABLE; Schema: public; Owner: alss
--

CREATE TABLE public."Users" (
    "Id" integer NOT NULL,
    "Username" text NOT NULL,
    "Email" text NOT NULL,
    "PasswordHash" text NOT NULL,
    "AvatarUrl" text
);


ALTER TABLE public."Users" OWNER TO alss;

--
-- Name: Users_Id_seq; Type: SEQUENCE; Schema: public; Owner: alss
--

ALTER TABLE public."Users" ALTER COLUMN "Id" ADD GENERATED BY DEFAULT AS IDENTITY (
    SEQUENCE NAME public."Users_Id_seq"
    START WITH 1
    INCREMENT BY 1
    NO MINVALUE
    NO MAXVALUE
    CACHE 1
);


--
-- Name: __EFMigrationsHistory; Type: TABLE; Schema: public; Owner: alss
--

CREATE TABLE public."__EFMigrationsHistory" (
    "MigrationId" character varying(150) NOT NULL,
    "ProductVersion" character varying(32) NOT NULL
);


ALTER TABLE public."__EFMigrationsHistory" OWNER TO alss;

--
-- Data for Name: Clients; Type: TABLE DATA; Schema: public; Owner: alss
--

COPY public."Clients" ("Id", "Name", "Email", "PhoneNumber", "Address", "City", "Country", "UserId") FROM stdin;
1	Kaarel Tamm	kaarel.tamm@example.com	+372 55512345	Tamme tn 12	Tallinn	Eesti	1
2	Liisa Saar	liisa.saar@example.com	+372 55567890	Pargi tee 5	Tartu	Eesti	1
3	Mart Põld	mart.pold@example.com	+372 55511234	Metsa tn 8	Pärnu	Eesti	1
4	Maarja Vain	maarja.vain@example.com	+372 55599887	Kase tn 9	Rakvere	Eesti	1
5	Jaanus Kõiv	jaanus.koiv@example.com	+372 55533456	Lille tn 4	Narva	Eesti	1
6	Anneli Lepa	anneli.lepa@example.com	+372 55544332	Vahtra tn 6	Viljandi	Eesti	1
7	Toomas Raid	toomas.raid@example.com	+372 55522118	Pärna tee 11	Kuressaare	Eesti	1
8	Kertu Mägi	kertu.magi@example.com	+372 55577765	Õuna tn 15	Võru	Eesti	1
9	Andrus Lain	andrus.lain@example.com	+372 55544553	Kastani tn 2	Haapsalu	Eesti	1
10	Katrin Reimann	katrin.reimann@example.com	+372 55533997	Tammiku tee 20	Valga	Eesti	1
\.


--
-- Data for Name: InvoiceItems; Type: TABLE DATA; Schema: public; Owner: alss
--

COPY public."InvoiceItems" ("Id", "InvoiceId", "Service", "Description", "Quantity", "Unit", "TaxRate") FROM stdin;
1	1	\N	koristus	3	1000	25
2	2	\N	Kolituse tasu	1	1234	20
3	3	\N	Konsultatsiooni teenus	1	600	20
4	4	\N	Reklaami teenus	5	300	20
5	5	\N	Tehniline tugi	1	800	20
\.


--
-- Data for Name: Invoices; Type: TABLE DATA; Schema: public; Owner: alss
--

COPY public."Invoices" ("Id", "ClientId", "InvoiceDate", "DueDate", "TotalAmount", "TaxAmount", "SubTotal", "IsPaid", "ReferenceNumber", "Penalty", "IBAN", "RecipientName", "UserId") FROM stdin;
1	2	2024-12-08 22:00:00+00	2024-12-13 22:00:00+00	3750.00	750.00	3000	f	34567890	5	EE456754325678564356	Kreeta Kirki	1
2	7	2024-12-13 00:00:00+00	2024-12-22 00:00:00+00	1480.8	246.8	1234	t	456789	5	EE3456789087654	Taras	1
3	4	2024-12-11 22:00:00+00	2024-12-18 22:00:00+00	720.0	120.0	600	f	345678	5	EE2345678901234	Anna	1
5	6	2024-11-07 22:00:00+00	2024-12-11 22:00:00+00	960.0	160.0	800	f	3456789	6	EE9012345678901	Mari	1
4	10	2024-12-12 00:00:00+00	2024-12-15 00:00:00+00	1800.0	300.0	1500	t	456789	5	EE7890123456789	Juhan	1
\.


--
-- Data for Name: Taxes; Type: TABLE DATA; Schema: public; Owner: alss
--

COPY public."Taxes" ("Id", "TaxRate") FROM stdin;
\.


--
-- Data for Name: Users; Type: TABLE DATA; Schema: public; Owner: alss
--

COPY public."Users" ("Id", "Username", "Email", "PasswordHash", "AvatarUrl") FROM stdin;
2	tester	tester@mail.ru	$2a$11$ybvxwVqzRPGNwtXFQDJPhu66tX1LSxNt3XDZyjt98oa6EEG0YSIcW	\N
1	Sofia Zolina	sofia.zolina@mail.ru	$2a$11$82TfDv8ptqgaoyPMTdkBzOCgedDxoT9Z2PVD4TcHu4m2nMM1cDUHy	/uploads/f2bef630-ecdb-4157-9ae5-daf879b7641f.jpg
\.


--
-- Data for Name: __EFMigrationsHistory; Type: TABLE DATA; Schema: public; Owner: alss
--

COPY public."__EFMigrationsHistory" ("MigrationId", "ProductVersion") FROM stdin;
20241125181000_MakeAvatarUrlNullable	8.0.10
20241213001812_UpdateModels	8.0.10
\.


--
-- Name: Clients_Id_seq; Type: SEQUENCE SET; Schema: public; Owner: alss
--

SELECT pg_catalog.setval('public."Clients_Id_seq"', 10, true);


--
-- Name: InvoiceItems_Id_seq; Type: SEQUENCE SET; Schema: public; Owner: alss
--

SELECT pg_catalog.setval('public."InvoiceItems_Id_seq"', 5, true);


--
-- Name: Invoices_Id_seq; Type: SEQUENCE SET; Schema: public; Owner: alss
--

SELECT pg_catalog.setval('public."Invoices_Id_seq"', 5, true);


--
-- Name: Taxes_Id_seq; Type: SEQUENCE SET; Schema: public; Owner: alss
--

SELECT pg_catalog.setval('public."Taxes_Id_seq"', 1, false);


--
-- Name: Users_Id_seq; Type: SEQUENCE SET; Schema: public; Owner: alss
--

SELECT pg_catalog.setval('public."Users_Id_seq"', 2, true);


--
-- Name: Clients PK_Clients; Type: CONSTRAINT; Schema: public; Owner: alss
--

ALTER TABLE ONLY public."Clients"
    ADD CONSTRAINT "PK_Clients" PRIMARY KEY ("Id");


--
-- Name: InvoiceItems PK_InvoiceItems; Type: CONSTRAINT; Schema: public; Owner: alss
--

ALTER TABLE ONLY public."InvoiceItems"
    ADD CONSTRAINT "PK_InvoiceItems" PRIMARY KEY ("Id");


--
-- Name: Invoices PK_Invoices; Type: CONSTRAINT; Schema: public; Owner: alss
--

ALTER TABLE ONLY public."Invoices"
    ADD CONSTRAINT "PK_Invoices" PRIMARY KEY ("Id");


--
-- Name: Taxes PK_Taxes; Type: CONSTRAINT; Schema: public; Owner: alss
--

ALTER TABLE ONLY public."Taxes"
    ADD CONSTRAINT "PK_Taxes" PRIMARY KEY ("Id");


--
-- Name: Users PK_Users; Type: CONSTRAINT; Schema: public; Owner: alss
--

ALTER TABLE ONLY public."Users"
    ADD CONSTRAINT "PK_Users" PRIMARY KEY ("Id");


--
-- Name: __EFMigrationsHistory PK___EFMigrationsHistory; Type: CONSTRAINT; Schema: public; Owner: alss
--

ALTER TABLE ONLY public."__EFMigrationsHistory"
    ADD CONSTRAINT "PK___EFMigrationsHistory" PRIMARY KEY ("MigrationId");


--
-- Name: IX_Clients_UserId; Type: INDEX; Schema: public; Owner: alss
--

CREATE INDEX "IX_Clients_UserId" ON public."Clients" USING btree ("UserId");


--
-- Name: IX_InvoiceItems_InvoiceId; Type: INDEX; Schema: public; Owner: alss
--

CREATE INDEX "IX_InvoiceItems_InvoiceId" ON public."InvoiceItems" USING btree ("InvoiceId");


--
-- Name: IX_Invoices_ClientId; Type: INDEX; Schema: public; Owner: alss
--

CREATE INDEX "IX_Invoices_ClientId" ON public."Invoices" USING btree ("ClientId");


--
-- Name: IX_Invoices_UserId; Type: INDEX; Schema: public; Owner: alss
--

CREATE INDEX "IX_Invoices_UserId" ON public."Invoices" USING btree ("UserId");


--
-- Name: Clients FK_Clients_Users_UserId; Type: FK CONSTRAINT; Schema: public; Owner: alss
--

ALTER TABLE ONLY public."Clients"
    ADD CONSTRAINT "FK_Clients_Users_UserId" FOREIGN KEY ("UserId") REFERENCES public."Users"("Id") ON DELETE CASCADE;


--
-- Name: InvoiceItems FK_InvoiceItems_Invoices_InvoiceId; Type: FK CONSTRAINT; Schema: public; Owner: alss
--

ALTER TABLE ONLY public."InvoiceItems"
    ADD CONSTRAINT "FK_InvoiceItems_Invoices_InvoiceId" FOREIGN KEY ("InvoiceId") REFERENCES public."Invoices"("Id") ON DELETE CASCADE;


--
-- Name: Invoices FK_Invoices_Clients_ClientId; Type: FK CONSTRAINT; Schema: public; Owner: alss
--

ALTER TABLE ONLY public."Invoices"
    ADD CONSTRAINT "FK_Invoices_Clients_ClientId" FOREIGN KEY ("ClientId") REFERENCES public."Clients"("Id") ON DELETE RESTRICT;


--
-- Name: Invoices FK_Invoices_Users_UserId; Type: FK CONSTRAINT; Schema: public; Owner: alss
--

ALTER TABLE ONLY public."Invoices"
    ADD CONSTRAINT "FK_Invoices_Users_UserId" FOREIGN KEY ("UserId") REFERENCES public."Users"("Id") ON DELETE CASCADE;


--
-- PostgreSQL database dump complete
--

